president,0,energy,2,3,4,5,6,7,8,9,10,11,12,13,14,15,16,17,18,19,20,21,22,freedom,24
George-Washington-1790-01,0.0056710775,0,0,0.029300567,0,0,0,0,0.10491493,0,0.018903592,0,0,0.16446125,0,0.027410208,0.0047258979,0.031190926,0.069943289,0,0,0.0037807183,0,0.020793951,0
George-Washington-1790-02,0.003615329,0,0.0007230658,0.033261027,0,0,0,0,0.11858279,0,0.011569053,0.0014461316,0,0.16992046,0,0.033984093,0.0007230658,0.018799711,0.07230658,0,0,0.0043383948,0,0.0050614606,0.0050614606
George-Washington-1791,0,0,0,0.038989809,0,0,0,0,0.12848914,0,0.025254763,0.0031014621,0,0.14089499,0,0.033673017,0,0.033229951,0.080194949,0,0.0013291981,0.00044306602,0,0.0048737262,0
George-Washington-1792,0,0,0.00097991181,0.046545811,0,0,0,0,0.13081823,0,0.0093091622,0,0.00097991181,0.12150906,0,0.045565899,0.00097991181,0.050465458,0.060264576,0.0083292504,0.004899559,0,0,0.013718765,0
George-Washington-1793,0,0.00052110474,0,0.034914018,0.0010422095,0,0,0,0.11464304,0,0.01980198,0,0.00052110474,0.12662845,0,0.035956227,0,0.028139656,0.06149036,0,0,0.015112038,0.0026055237,0.033350703,0.0099009901
George-Washington-1794,0,0,0,0.051966292,0,0,0.0010533708,0,0.069873596,0,0.043188202,0.0031601124,0,0.10358146,0,0.032654494,0.0010533708,0.020365169,0.082162921,0.014747191,0.0070224719,0.043890449,0,0.023525281,0
George-Washington-1795,0,0,0,0.031362468,0.0071979434,0.00051413882,0,0,0.12082262,0,0.00051413882,0,0,0.16503856,0,0.045244216,0,0.03033419,0.061696658,0.0030848329,0.0020565553,0.0066838046,0.0077120823,0.015938303,0.0030848329
George-Washington-1796,0.00035816619,0,0.00035816619,0.029369628,0,0,0,0.0089541547,0.13395415,0,0.017908309,0,0,0.13037249,0,0.049068768,0.00035816619,0.022922636,0.07987106,0.00071633238,0,0.012535817,0,0.011819484,0.00071633238
John-Adams-1797,0,0.00049236829,0,0.027080256,0.0014771049,0,0,0,0.17725258,0,0.022156573,0,0,0.093057607,0,0.037912358,0.0054160512,0.032496307,0.061053668,0.0064007878,0,0.00098473658,0,0.023633678,0.0054160512
John-Adams-1798,0,0,0,0.025333947,0,0,0,0,0.16996776,0,0.030400737,0.00046061723,0,0.10732381,0.00046061723,0.030400737,0,0.018424689,0.058037771,0.011976048,0.0069092584,0.012897282,0.00046061723,0.017964072,0
John-Adams-1799,0.00067980965,0,0,0.014276003,0,0.0040788579,0,0,0.15295717,0,0.023793338,0,0,0.12576479,0,0.031271244,0,0.02039429,0.055064582,0.0067980965,0,0.024473148,0.00067980965,0.014955812,0.01903467
John-Adams-1800,0,0,0,0.025906736,0,0,0,0.0029607698,0.13323464,0,0.0066617321,0.0014803849,0.00074019245,0.15396003,0,0.032568468,0,0.024426351,0.071058475,0.0037009623,0.00074019245,0,0.00074019245,0.020725389,0
Thomas-Jefferson-1801,0,0.00031685678,0,0.041825095,0,0,0,0,0.10012674,0.00031685678,0.0076045627,0,0,0.11375158,0,0.048162231,0,0.029150824,0.095373891,0.018060837,0.014575412,0.0060202788,0,0.016159696,0
Thomas-Jefferson-1802,0.01255814,0,0,0.018604651,0.0013953488,0,0,0.00046511628,0.11162791,0,0.010697674,0,0,0.14325581,0,0.040465116,0,0.029302326,0.076744186,0.011162791,0.0055813953,0.0051162791,0.0018604651,0.011162791,0.012093023
Thomas-Jefferson-1803,0,0,0,0.025100852,0,0,0,0.0013446885,0.11519498,0,0.020618557,0,0.00089645899,0.12281488,0.00089645899,0.033617212,0,0.02644554,0.075750784,0.012102196,0.0013446885,0.01748095,0.0062752129,0.033168983,0
Thomas-Jefferson-1804,0,0,0,0.033041788,0,0,0,0,0.12147716,0,0.018950437,0,0,0.12730807,0,0.040330418,0.0024295432,0.020894072,0.072886297,0.015063168,0,0.012633625,0,0.0048590865,0.0043731778
Thomas-Jefferson-1805,0.006300315,0,0.0003500175,0.039551978,0,0,0,0.00140007,0.11760588,0,0.032901645,0.0010500525,0.0038501925,0.10115506,0.0003500175,0.039551978,0.000700035,0.00980049,0.074553728,0.013300665,0.0017500875,0.01260063,0,0.01960098,0.0010500525
Thomas-Jefferson-1806,0,0,0.0053342817,0.029871977,0,0,0,0,0.13157895,0,0.015647226,0,0,0.10135135,0,0.045519203,0,0.019203414,0.086059744,0.026671408,0,0.02311522,0.00035561878,0.012802276,0.00035561878
Thomas-Jefferson-1807,0,0,0,0.03501281,0.0012809564,0,0,0,0.14175918,0,0.019214347,0,0,0.12510675,0.0042698548,0.038001708,0.0012809564,0.011101623,0.077284372,0.011528608,0,0.028608027,0.00042698548,0,0.0051238258
Thomas-Jefferson-1808,0.000382263,0,0,0.01911315,0.000382263,0.001529052,0,0,0.14334862,0,0.021406728,0,0,0.095948012,0,0.055045872,0,0.017584098,0.090978593,0.0068807339,0.0072629969,0.014143731,0,0.0072629969,0
James-Madison-1809,0,0,0.0050420168,0.022969188,0,0,0,0.0044817927,0.16582633,0,0.032492997,0,0,0.10028011,0,0.030812325,0,0.022408964,0.077310924,0.0028011204,0,0,0,0.017366947,0
James-Madison-1810,0,0,0.006299874,0.033179336,0.017219656,0,0,0,0.15245695,0,0.014279714,0,0,0.11213776,0,0.052078958,0.002099958,0.030239395,0.054598908,0,0,0.016379672,0,0,0
James-Madison-1811,0,0,0,0.021563342,0.0004492363,0.0004492363,0,0,0.15498652,0,0.029649596,0,0,0.10467206,0,0.053459119,0,0.016172507,0.085804133,0.0022461815,0.0013477089,0.014824798,0.0026954178,0.0076370171,0.0040431267
James-Madison-1812,0,0.00031575624,0,0.020208399,0,0,0,0,0.1392485,0,0.030628355,0,0.02431323,0.094095358,0,0.059046416,0.00063151247,0.0082096621,0.064414272,0.015472056,0.0028418061,0.022734449,0.00031575624,0.010735712,0.00031575624
James-Madison-1813,0,0,0,0.043696951,0,0.00031436655,0.00031436655,0,0.13454888,0,0.027978623,0,0.040238919,0.064130776,0,0.043696951,0,0.019805093,0.064445143,0.013517762,0,0.022005659,0,0.021376925,0
James-Madison-1814,0,0,0,0.035748792,0,0,0.009178744,0,0.12077295,0,0.028019324,0.00096618357,0.047342995,0.058937198,0,0.04589372,0.00048309179,0.0082125604,0.071497585,0.025120773,0.00096618357,0.041062802,0,0.019806763,0.00048309179
James-Madison-1815,0.00032626427,0,0,0.018597064,0.0078303426,0.00032626427,0,0,0.11060359,0,0.011092985,0,0,0.10995106,0,0.060685155,0,0.056769984,0.08091354,0.00032626427,0.0032626427,0.016965742,0.0013050571,0.020228385,0
James-Madison-1816,0.00030646644,0,0,0.016242721,0.0052099295,0,0,0,0.12381244,0,0.014097456,0,0.0012258658,0.098682194,0,0.038001839,0,0.048728164,0.068954949,0.011339258,0.0049034631,0.014403923,0.0049034631,0.022065584,0.013484523
James-Monroe-1817,0,0,0,0.025266574,0,0,0.00023180343,0,0.1483542,0,0.018544274,0,0,0.1080204,0.00023180343,0.034306908,0,0.045665276,0.055169217,0.0034770515,0,0.021094112,0.00023180343,0.0092721372,0.00092721372
James-Monroe-1818,0,0,0.000232396,0.027422728,0,0,0,0,0.14594469,0,0.026493144,0,0,0.10318383,0.000232396,0.028817104,0,0.02440158,0.054845457,0.0072042761,0.00116198,0.046943993,0,0.010690216,0
James-Monroe-1819,0,0,0,0.028416486,0,0,0,0,0.19609544,0,0.01691974,0,0,0.087852495,0,0.02494577,0,0.028199566,0.046854664,0.0017353579,0,0.036442516,0,0.005856833,0
James-Monroe-1820,0,0,0,0.022565321,0,0,0,0,0.17458432,0,0.0074228029,0,0,0.10391924,0,0.035035629,0.0017814727,0.02523753,0.055819477,0.0097980998,0.0017814727,0.020783848,0,0.016627078,0
James-Monroe-1821,0,0,0,0.035075412,0,0,0,0.0054366889,0.1720449,0,0.019642231,0,0,0.073307611,0.00017537706,0.046299544,0.0031567871,0.027884953,0.04296738,0.0008768853,0.0024552788,0.042441249,0,0,0
James-Monroe-1822,0,0,0.0006514658,0.025624321,0,0,0,0,0.15027144,0,0.013680782,0,0,0.099457112,0,0.04082519,0,0.019761129,0.06970684,0.0056460369,0.0010857763,0.023452769,0,0.014115092,0.0071661238
James-Monroe-1823,0,0,0,0.030546624,0.00048231511,0,0.00096463023,0.00080385852,0.13504823,0,0.018327974,0,0,0.1011254,0,0.036334405,0,0.031672026,0.054019293,0,0,0.034244373,0.00096463023,0.0094855305,0.012700965
James-Monroe-1824,0,0,0,0.023485033,0,0,0,0,0.16500365,0.00012168411,0.009004624,0,0,0.11061085,0,0.029690922,0.00024336822,0.025431979,0.050863957,0.0065709418,0,0.021173035,0,0.0098564128,0.012290095
John-Quincy-Adams-1825,0,0,0,0.022657406,0,0,0,0,0.12433109,0,0.01514289,0,0.0010247068,0.089491062,0,0.040077422,0.005806672,0.044062393,0.061254697,0.0052373904,0.0052373904,0.011271775,0,0.029147216,0.01605374
John-Quincy-Adams-1826,0.00067114094,0,0,0.014496644,0.00026845638,0,0,0,0.15234899,0,0.014630872,0,0.0013422819,0.081879195,0,0.045771812,0.0041610738,0.045503356,0.05557047,0.0080536913,0.0010738255,0.017718121,0.0040268456,0.019194631,0.0046979866
John-Quincy-Adams-1827,0,0.00014880952,0,0.019494048,0,0,0.0010416667,0,0.14360119,0,0.013392857,0,0,0.09077381,0,0.03764881,0.0035714286,0.046875,0.05610119,0.0038690476,0.0040178571,0.018303571,0,0.021279762,0.014285714
John-Quincy-Adams-1828,0,0,0.0043600563,0.017721519,0,0,0,0.0040787623,0.13361463,0.00042194093,0.0097046414,0.0033755274,0,0.075527426,0,0.04838256,0,0.05302391,0.051898734,0.0037974684,0,0.023347398,0.0052039381,0.023347398,0.011251758
Andrew-Jackson-1829,0,0,0,0.049074976,0.00029211295,0,0,0.0079844206,0.099513145,0,0.020253165,0,0,0.091723466,0.0005842259,0.042648491,0.00048685492,0.051996105,0.073807205,0.0034079844,0.010516066,0.016163583,0,0.013047712,0.0046738072
Andrew-Jackson-1830,0,0,0.000067884054,0.045482316,0,0,0,0.0059737968,0.10277646,0,0.01792139,0.00067884054,0.00020365216,0.10250492,0,0.030751476,0.0018328695,0.055121852,0.074740343,0.006245333,0.0091643473,0.01540968,0.0016971014,0.011811825,0.0018328695
Andrew-Jackson-1831,0.00057167357,0,0,0.032156639,0,0,0,0.00028583679,0.13348578,0.00057167357,0.02315278,0.00014291839,0,0.098184936,0,0.03915964,0,0.039874232,0.052879806,0.008718022,0.0068600829,0.023438617,0.0030012863,0.015292268,0.0097184508
Andrew-Jackson-1832,0,0.00013022529,0,0.03125407,0.0011720276,0,0,0.0063810392,0.10561271,0,0.012371403,0.00013022529,0,0.1019664,0,0.038676911,0.0035160828,0.056257325,0.068628728,0,0.0062508139,0.019533793,0.0024742805,0.018491991,0.0024742805
Andrew-Jackson-1833,0.00038829925,0,0,0.025368884,0,0,0,0.0050478902,0.15053068,0,0.014237639,0.00064716542,0,0.099016309,0,0.035982397,0.0027180947,0.059280352,0.053067564,0,0.001553197,0.011519544,0.00012943308,0.0094486151,0.0095780481
Andrew-Jackson-1834,0.00022916508,0.000076388358,0.00015277672,0.038117791,0,0,0,0.007256894,0.10831869,0,0.0099304866,0,0,0.088534107,0,0.031930334,0.0016805439,0.06049958,0.082193874,0.0056527385,0.0081735544,0.028645634,0,0.0093193797,0.0033610878
Andrew-Jackson-1835,0,0,0,0.038904145,0,0,0,0.007715444,0.10697005,0,0.01634628,0,0,0.08545835,0,0.031907938,0.0034000262,0.052308095,0.068392834,0.0054923499,0.014973192,0.027330979,0,0.017653982,0.00013077024
Andrew-Jackson-1836,0.0011574074,0,0,0.038029101,0,0.0038029101,0,0.022156085,0.088707011,0,0.018435847,0,0,0.064897487,0,0.035218254,0,0.078786376,0.073991402,0.0029761905,0.0082671958,0.028604497,0.0042162698,0.0065310847,0
Martin-Van-Buren-1837,0.00035826243,0,0,0.049798477,0.00017913121,0.0037617555,0,0.012718316,0.099955217,0,0.015763547,0,0,0.077922078,0,0.040394089,0,0.081504702,0.055799373,0.0027765338,0.010031348,0.024540976,0.00017913121,0.007523511,0.0034930587
Martin-Van-Buren-1838,0,0,0.001068281,0.045936081,0,0,0,0.010237693,0.097569661,0,0.02189976,0,0.000089023413,0.077094276,0,0.038547138,0.0032938663,0.076115018,0.064809045,0.0037389834,0.0069438262,0.025994837,0.000089023413,0.0089913647,0.0064987092
Martin-Van-Buren-1839,0.000076394194,0,0,0.03842628,0,0,0,0.031932773,0.087776929,0,0.013980138,0,0.00022918258,0.065240642,0,0.043086325,0.0022154316,0.076852559,0.07394958,0.0087089381,0.011306341,0.022612681,0,0.0053475936,0.0015278839
Martin-Van-Buren-1840,0,0,0,0.03858888,0,0.0010275146,0,0.012330175,0.10982989,0,0.014271036,0.00022833657,0,0.06850097,0,0.035506336,0.0029683754,0.06450508,0.078661948,0.0069642653,0.0095901359,0.034364653,0.0019408608,0.013243521,0.0037675534
John-Tyler-1841,0,0,0.00061988594,0.04363997,0,0,0,0.0091743119,0.086040169,0,0.018596578,0,0,0.070914952,0,0.040292586,0.0033473841,0.067691545,0.071906769,0.010414084,0.013141582,0.033721795,0.0024795438,0.0083064716,0.0073146541
John-Tyler-1842,0,0.00024408103,0,0.042958262,0,0,0,0.0090309983,0.10104955,0,0.020136685,0,0,0.045154991,0,0.039419087,0.0029289724,0.074566756,0.081523066,0.010007322,0.017573835,0.042103979,0.00024408103,0.0054918233,0
John-Tyler-1843,0,0,0,0.031646381,0,0,0,0.002946829,0.10365151,0.000128123,0.019987188,0.00076873799,0,0.058680333,0,0.04061499,0.003074952,0.068417681,0.068417681,0.0097373479,0.010634209,0.053683536,0.0035874439,0.01024984,0.00128123
John-Tyler-1844,0.00054872695,0,0,0.031606673,0,0,0.00021949078,0.011852502,0.099539069,0.00010974539,0.017559263,0,0,0.065517998,0,0.041264267,0.00065847234,0.052019315,0.069907814,0.0085601405,0.0081211589,0.072212467,0,0.015254609,0.00010974539
James-K-Polk-1845,0,0,0.0002546311,0.032847412,0,0,0,0.013495448,0.11203769,0,0.012285951,0,0,0.044178496,0,0.043987523,0.0096123241,0.054618372,0.047997963,0.0010821822,0.003692151,0.10096123,0.0026099688,0.011585715,0.0037558088
James-K-Polk-1846,0,0.000056280955,0.00016884286,0.02830932,0,0,0,0.000056280955,0.10440117,0.000056280955,0.01356371,0,0.001294462,0.035175597,0,0.043842864,0.0038833859,0.043111211,0.048120216,0.0032080144,0.0034331382,0.15955651,0,0.012888339,0.00011256191
James-K-Polk-1847,0,0,0,0.032155345,0,0.000062437562,0,0.00031218781,0.10570679,0,0.0066808192,0,0.0069305694,0.032654845,0,0.055631868,0.0058691309,0.055257243,0.04763986,0.0056193806,0.0046828172,0.12475025,0,0.0127997,0
James-K-Polk-1848,0,0,0.00096070708,0.034681526,0,0.0029781919,0,0.01489096,0.079594582,0,0.018253435,0.0011528485,0.0019694495,0.043375925,0,0.054856374,0.0034105101,0.049092132,0.056201364,0.0038908637,0.0048515708,0.10058603,0,0.015371313,0
Zachary-Taylor-1849,0.0012152309,0,0,0.028085336,0.00027005131,0,0,0.0067512827,0.10167432,0,0.021199028,0.00027005131,0,0.065352417,0,0.039022414,0.01242236,0.055225493,0.041182825,0.0020253848,0,0.075074264,0.0048609236,0.01242236,0.024709695
Millard-Fillmore-1850,0.00012321341,0,0,0.041769345,0,0,0,0.011335633,0.092286841,0,0.020946279,0,0,0.069862001,0,0.038565796,0.0023410547,0.066165599,0.056185313,0.0054213898,0.009117792,0.047190734,0.005174963,0.013553475,0.011705274
Millard-Fillmore-1851,0,0,0,0.036704352,0,0.00030974137,0.00085178876,0.003174849,0.084404522,0,0.024004956,0,0,0.064193898,0,0.047158123,0.019436271,0.079526096,0.038485365,0.0099891591,0.0038717671,0.051804243,0.009756853,0.0088276289,0.0078984048
Millard-Fillmore-1852,0,0,0,0.029883156,0.00051700962,0,0,0.0034122635,0.093578741,0,0.020370179,0.00051700962,0,0.070520112,0,0.056664254,0.0096163789,0.052321373,0.050977148,0.011167408,0.01127081,0.053872402,0.0059973115,0.016234102,0.0092027712
Franklin-Pierce-1853,0,0,0.0034297964,0.035369775,0.0057877814,0,0,0.0081457663,0.1022508,0,0.023794212,0,0,0.064737406,0,0.044158628,0.00943194,0.062057878,0.054769561,0.0051446945,0.014362272,0.042872454,0.0019292605,0.020150054,0.0052518757
Franklin-Pierce-1854,0,0.00010094892,0.00010094892,0.038158692,0,0,0,0.0040379568,0.099939431,0.00020189784,0.030082778,0,0,0.057137089,0.00070664244,0.060367454,0.0070664244,0.052089643,0.059862709,0.0066626287,0.016252776,0.04583081,0.0035332122,0.016959419,0.012618615
Franklin-Pierce-1855,0.0002621003,0,0,0.04455705,0,0,0,0.0038441377,0.093132972,0,0.03215097,0.00052420059,0.000087366766,0.045518085,0,0.050497991,0.0088240433,0.038004543,0.056788398,0.0084745763,0.012406081,0.074611218,0.001485235,0.026559497,0.0022715359
Franklin-Pierce-1856,0,0,0,0.042063338,0.0015543035,0,0,0.0036914708,0.082572372,0,0.034194677,0,0,0.047891976,0,0.043131922,0.0074800855,0.041091898,0.051097727,0.0087429571,0.014377307,0.076549446,0.005828638,0.02350884,0.0072857976
James-Buchanan-1857,0,0,0.00075426158,0.045481973,0,0,0,0.016065772,0.078367778,0,0.021119324,0,0,0.04103183,0,0.045783678,0.0027153417,0.050988083,0.051138935,0.0061095188,0.0034696033,0.12015387,0,0.016518329,0
James-Buchanan-1858,0,0,0,0.03433043,0,0,0.000063107409,0.013252556,0.081913417,0,0.021582734,0,0,0.045563549,0,0.043733434,0.010728259,0.043859649,0.04676259,0.0056796668,0.0071942446,0.12810804,0.0014514704,0.013820523,0.0059320964
James-Buchanan-1859,0.00058548009,0,0,0.036383406,0,0,0.0010873202,0.0038474406,0.072599532,0.00025092004,0.022582804,0,0,0.041150887,0.000083640013,0.046754767,0.011542322,0.038641686,0.055871529,0.0096186015,0.013633322,0.13541318,0,0.013131482,0.0048511208
James-Buchanan-1860,0.000073238611,0,0,0.047605097,0,0.00021971583,0,0.0048337484,0.071041453,0,0.026951809,0,0,0.048117768,0,0.035667204,0.0050534642,0.03325033,0.048191006,0.010619599,0.0082027245,0.13790831,0,0.022850447,0.0015380108
Abraham-Lincoln-1861,0.00014764506,0,0,0.04901816,0,0,0,0.0069393179,0.052413997,0,0.024952015,0.00044293518,0,0.06038683,0.002509966,0.043702938,0.028495497,0.064963827,0.057433929,0.016979182,0.021999114,0.031153108,0.0075298981,0.016388602,0.015059796
Abraham-Lincoln-1862,0,0,0,0.044685841,0,0,0.0007406493,0.010492532,0.068633502,0,0.012344155,0.0018516233,0.0009875324,0.025675842,0.0041970127,0.045179607,0.031971362,0.078879151,0.046784348,0.014442661,0.021602271,0.048018763,0.0076533761,0.029379089,0.0082705839
Abraham-Lincoln-1863,0,0,0,0.02745032,0.0023576962,0.00050522061,0,0.0050522061,0.069383631,0,0.029134389,0.00016840687,0,0.057426743,0.001347255,0.054395419,0.03334456,0.087571573,0.047153924,0.0087571573,0.01616706,0.033007747,0.0043785786,0.017514315,0.019703604
Abraham-Lincoln-1864,0,0,0,0.033205841,0,0,0,0.010952712,0.064673157,0,0.023991655,0,0.003650904,0.027990264,0,0.057023644,0.050417246,0.083449235,0.050764951,0.013212796,0.016515994,0.04189847,0.0010431154,0.01216968,0.011648122
Andrew-Johnson-1865,0,0,0.00011075424,0.031011186,0.007974305,0,0,0.0013290508,0.057813711,0,0.039317754,0.0054269576,0.001882822,0.048399601,0,0.031675712,0.010632407,0.050282423,0.053826559,0.024476686,0.024033669,0.051943737,0,0.037434932,0.0052054491
Andrew-Johnson-1866,0,0,0.0020167099,0.032267358,0,0,0,0.00028810141,0.083981562,0,0.044367617,0,0,0.046384327,0,0.04076635,0.02031115,0.089167387,0.049121291,0.0037453184,0.00057620282,0.055891674,0.0027369634,0.019446845,0.009795448
Andrew-Johnson-1867,0.00017152659,0,0.0016295026,0.058147513,0,0,0,0.0054030875,0.049828473,0,0.03593482,0,0.0047169811,0.032933105,0,0.044425386,0.013893654,0.073413379,0.059691252,0.020926244,0.021698113,0.039708405,0,0.030960549,0.0032590051
Andrew-Johnson-1868,0.00031665611,0,0,0.028815706,0.00063331222,0.00042220815,0,0.0044331856,0.065547815,0.0031665611,0.034093308,0,0,0.020371543,0,0.047815073,0.049715009,0.10164661,0.047392865,0.0034832172,0.015727254,0.051087186,0.0096052354,0.021321512,0.0063331222
Ulysses-S-Grant-1869,0,0,0,0.03209346,0.00080569357,0.00040284678,0,0.013428226,0.074258091,0,0.028199275,0.00013428226,0,0.03088492,0.00040284678,0.047535921,0.035450517,0.095877535,0.041627501,0.010339734,0.0093997583,0.024305089,0.0083255002,0.016919565,0.026453605
Ulysses-S-Grant-1870,0,0,0,0.033926258,0.00058899753,0,0,0.0057721758,0.077040876,0,0.035928849,0.0073035693,0.0011779951,0.039109436,0,0.052656379,0.037224644,0.072093297,0.024031099,0.0061255743,0.012133349,0.032159265,0.015785134,0.018612322,0.032983861
Ulysses-S-Grant-1871,0.0033391636,0,0.00047702337,0.041978057,0.0039751948,0,0,0.0050882493,0.075528701,0,0.028621402,0.0052472571,0,0.037525839,0.00015900779,0.041183018,0.030688504,0.081570997,0.034822706,0.01367467,0.017490857,0.029734457,0.013038639,0.0084274129,0.033391636
Ulysses-S-Grant-1872,0,0,0,0.023856243,0,0.00082619023,0,0.0084684499,0.068573789,0,0.018692554,0,0,0.035732727,0.00030982134,0.051843437,0.07487349,0.089744914,0.032841062,0.00072291645,0.0074357121,0.025095528,0.016007436,0.0089848188,0.036455644
Ulysses-S-Grant-1873,0.0036119711,0,0,0.031166151,0.00010319917,0.00051599587,0,0.02002064,0.05624355,0.0016511868,0.024561404,0.004127967,0,0.030856553,0.0018575851,0.046336429,0.055108359,0.095356037,0.032714138,0.0067079463,0.016924665,0.02249742,0.022807018,0.0051599587,0.028173375
Ulysses-S-Grant-1874,0,0,0.0001055409,0.04707124,0,0,0.0001055409,0.013720317,0.062691293,0.0001055409,0.027335092,0.0022163588,0,0.030395778,0.00073878628,0.035356201,0.043799472,0.098047493,0.035778364,0.015936675,0.01414248,0.026596306,0.011609499,0.0093931398,0.020158311
Ulysses-S-Grant-1875,0.00084388186,0,0,0.043628692,0,0,0,0.013417722,0.058649789,0,0.037721519,0.0040506329,0.0021097046,0.032489451,0.000084388186,0.049029536,0.04278481,0.080168776,0.035189873,0.0099578059,0.017383966,0.018649789,0.020421941,0.022447257,0.01164557
Ulysses-S-Grant-1876,0,0,0.00045703839,0.035344302,0,0,0,0.0085313833,0.060786106,0,0.035344302,0.00060938452,0,0.028184034,0,0.050426569,0.052711761,0.091560024,0.032754418,0.0079219988,0.0097501523,0.028945765,0.01614869,0.0044180378,0.031383303
Rutherford-B-Hayes-1877,0,0,0.0025916683,0.044154348,0,0.00047993857,0,0.0074870417,0.058168554,0.0014398157,0.017373776,0.0085429065,0,0.034171626,0,0.035323479,0.035419466,0.11921674,0.046937992,0.00057592628,0.016125936,0.014878096,0.016509887,0.011710501,0.025724707
Rutherford-B-Hayes-1878,0.00091671032,0,0,0.035751702,0,0.0022262965,0,0.0075955998,0.063122053,0,0.027763227,0,0,0.029858565,0,0.044787847,0.056966998,0.11144578,0.035751702,0.0045835516,0.016631744,0.0090361446,0.022524882,0.0113934,0.02082242
Rutherford-B-Hayes-1879,0,0.000088660342,0.000088660342,0.03369093,0.0030144516,0,0,0.018352691,0.059313769,0.000088660342,0.015072258,0,0,0.039542513,0,0.035818778,0.043266247,0.11561309,0.027928008,0.00088660342,0.019416615,0.016047522,0.022874368,0.0054969412,0.03874457
Rutherford-B-Hayes-1880,0,0,0.0053920813,0.023340009,0.0010784163,0.00030811893,0,0.023494069,0.052457248,0.00030811893,0.01740872,0.00053920813,0,0.03743645,0.000077029733,0.050223386,0.050839624,0.098443999,0.030426745,0.0041596056,0.016330303,0.01147743,0.017100601,0.011015252,0.047373286
Chester-A-Arthur-1881,0,0,0.000077911959,0.032411375,0.0013245033,0,0,0.026022594,0.044331905,0,0.020179198,0.0017919751,0,0.031164784,0,0.046045968,0.070666147,0.10081808,0.028126217,0.0042072458,0.022594468,0.013167121,0.020802493,0.0074795481,0.036852357
Chester-A-Arthur-1882,0,0,0.00081375242,0.03000712,0,0.00010171905,0,0.016580205,0.064083003,0,0.02034381,0,0,0.035296511,0,0.042111688,0.067541451,0.099379514,0.038348083,0.0032550097,0.018614587,0.0095615909,0.029396806,0.0070186146,0.028074458
Chester-A-Arthur-1883,0,0,0.00012451749,0.027020296,0,0,0,0.013323372,0.05715353,0,0.025401569,0.0073465322,0.0011206575,0.032250031,0.00024903499,0.040219151,0.072344664,0.099987548,0.031253891,0.0041090773,0.013696924,0.012700784,0.031502926,0.0080936372,0.039223011
Chester-A-Arthur-1884,0.0018604651,0.0011627907,0,0.023023256,0.0046511628,0,0,0.022674419,0.070930233,0,0.023023256,0.00011627907,0,0.02255814,0,0.047209302,0.078255814,0.08872093,0.025697674,0.0022093023,0.017209302,0.0094186047,0.028255814,0.008372093,0.042209302
Grover-Cleveland-1885,0,0,0.0012405024,0.041970331,0.002067504,0.0023776296,0,0.020726728,0.044503024,0,0.040471391,0.0030495684,0,0.027497803,0,0.041039955,0.053651729,0.088023983,0.032769938,0.010906084,0.021553729,0.010595958,0.028479868,0.012766837,0.030133871
Grover-Cleveland-1886,0,0.00013611924,0.00013611924,0.041516368,0.0020417886,0.00020417886,0,0.018580276,0.043898455,0,0.032668618,0.0063976043,0,0.03049071,0,0.041924726,0.045259647,0.093581978,0.030014293,0.0085074525,0.027087729,0.010208943,0.033213095,0.0087116314,0.029333696
Grover-Cleveland-1887,0.0031104199,0,0.0027216174,0.038880249,0,0.010692068,0,0.061430793,0.023133748,0,0.0060264386,0.0034992224,0,0.020412131,0,0.028771384,0.016329705,0.11683515,0.03596423,0.011858476,0.083592535,0.0027216174,0.0312986,0.0034992224,0.00077760498
Grover-Cleveland-1888,0,0,0.00054721701,0.040337711,0.0032051282,0.00062539087,0,0.02126329,0.041510319,0,0.025953721,0.0096935585,0,0.030018762,0,0.049249531,0.062148218,0.076610381,0.031660413,0.0064102564,0.026579112,0.0068011257,0.032989368,0.013133208,0.025875547
Benjamin-Harrison-1889,0,0.000079295853,0.00055507097,0.036079613,0,0,0.000079295853,0.022202839,0.039330743,0,0.025374673,0.0070573309,0,0.026326223,0.000079295853,0.040282293,0.055665689,0.075648244,0.024819602,0.012766632,0.021885655,0.013876774,0.036476092,0.008088177,0.04607089
Benjamin-Harrison-1890,0,0,0.0028607188,0.033077061,0,0,0,0.028964777,0.036652959,0,0.021187198,0.0050956553,0.00017879492,0.01618094,0,0.047648847,0.070892187,0.072948328,0.028070803,0.010280708,0.032361881,0.01126408,0.054890041,0.0087609512,0.029143572
Benjamin-Harrison-1891,0,0.00057310239,0,0.040626592,0,0,0.00031839022,0.025280183,0.030501783,0.00012735609,0.034131431,0.0038843607,0.000063678044,0.014900662,0,0.036933265,0.068644931,0.07291136,0.023497198,0.011780438,0.026299032,0.017065716,0.047376465,0.0089149261,0.033876719
Benjamin-Harrison-1892,0,0,0,0.024437101,0.0016906171,0.00023053869,0,0.024283409,0.022439099,0,0.023899178,0.0073003919,0.000076846231,0.011526935,0.000076846231,0.044955045,0.082609698,0.081226466,0.01936525,0.0083762391,0.023361254,0.0081457005,0.069853224,0.0080688542,0.029893184
Grover-Cleveland-1893,0.00008489685,0.00093386535,0,0.030393072,0.0028864929,0,0.00076407165,0.025723746,0.040071313,0,0.035741574,0.0010187622,0.0003395874,0.016469989,0,0.043382291,0.090245352,0.076661856,0.022158078,0.0032260803,0.022327872,0.011800662,0.039561932,0.0056031921,0.050258935
Grover-Cleveland-1894,0.000065505044,0,0,0.031704441,0.0022271715,0.0041923228,0,0.025939997,0.035896764,0,0.032687017,0.0091052011,0.0012445958,0.013494039,0,0.048670248,0.087449234,0.097602515,0.025939997,0.0043888379,0.020896109,0.007467575,0.032883532,0.0035372724,0.035634744
Grover-Cleveland-1895,0,0,0,0.029461398,0.0060469695,0,0.00028125439,0.027984812,0.038602166,0,0.034102095,0.0036563071,0.0012656448,0.014484601,0,0.047110111,0.046828857,0.12206441,0.038039657,0.014273661,0.032063001,0.010898608,0.027070735,0.0095626494,0.020742512
Grover-Cleveland-1896,0,0.00087295192,0.00026860059,0.032769272,0.0050362611,0.00040290089,0,0.02726296,0.028001612,0.00040290089,0.035253828,0.0087295192,0.0030217566,0.020547945,0,0.048952458,0.06822455,0.088168144,0.037536933,0.0079237174,0.030620467,0.0032903572,0.035388128,0.0071850658,0.023368251
William-McKinley-1897,0.0033892561,0,0.0033045247,0.03685816,0.009913574,0,0,0.0079647517,0.049822064,0,0.056939502,0.0075410947,0.00084731401,0.023216404,0,0.038044399,0.045670225,0.061006609,0.036434503,0.012031859,0.027452974,0.019827148,0.019064565,0.017115743,0.030503305
William-McKinley-1898,0,0,0.0031850406,0.01710675,0.0013870338,0,0.0017980068,0.0076030001,0.053888832,0,0.069608548,0.0046748176,0.015668345,0.019880818,0,0.040994555,0.08455769,0.040121237,0.02851125,0.010993527,0.019264358,0.03133669,0.021062365,0.014692284,0.04844344
William-McKinley-1899,0,0,0.002437263,0.028750677,0.0037010291,0,0,0.015706806,0.04563098,0.001354035,0.050415237,0.013269543,0.0014894385,0.026448817,0,0.036378408,0.06779202,0.04161401,0.020310525,0.011148222,0.020400794,0.021393753,0.029021484,0.015255461,0.063143167
William-McKinley-1900,0.00048696029,0,0.0051401363,0.021913213,0.0058976301,0.000054106698,0.0001623201,0.012336327,0.041229304,0.001082134,0.049994589,0.014338275,0.0058976301,0.024564441,0,0.035818634,0.07309815,0.048317282,0.02851423,0.010226166,0.02212964,0.014987555,0.02883887,0.014717022,0.062871984
Theodore-Roosevelt-1901,0.0023340249,0,0.0026452282,0.056639004,0.0088692946,0.0034751037,0,0.03153527,0.011255187,0.00020746888,0.02873444,0.094294606,0.0089211618,0.012188797,0,0.032780083,0.010788382,0.014678423,0.018309129,0.04590249,0.041908714,0.0064315353,0.014574689,0.026815353,0.024688797
Theodore-Roosevelt-1902,0.0002095777,0,0.00010478885,0.069160641,0.016661427,0,0,0.045059206,0.013203395,0.0002095777,0.026825946,0.10091166,0.0032484544,0.015089594,0,0.024834958,0.0093262077,0.012155507,0.01729016,0.040448496,0.036780887,0.0042963429,0.016556638,0.014041706,0.029969611
Theodore-Roosevelt-1903,0,0.00020686802,0.0015170321,0.045304096,0.0029651083,0.00020686802,0,0.022341746,0.02675493,0.00055164805,0.032616191,0.062818922,0.0011032961,0.017583782,0,0.041235692,0.0424769,0.030892291,0.021859054,0.018618122,0.020066198,0.027237622,0.019652462,0.015446145,0.060060681
Theodore-Roosevelt-1904,0.0045068774,0,0.00052677788,0.060813579,0.011003805,0,0.00017559263,0.037342698,0.0075504829,0.0031021364,0.029089845,0.096517413,0.0050921861,0.016505707,0,0.020661399,0.015744805,0.021012584,0.021305239,0.041791045,0.033245537,0.00035118525,0.027158326,0.016447176,0.034416155
Theodore-Roosevelt-1905,0.00269707,0,0.00073556455,0.073392996,0.0078051571,0,0,0.04184545,0.010420498,0,0.028400964,0.098524784,0.0027787994,0.012954109,0.000040864697,0.025254383,0.013240162,0.015692044,0.018634302,0.045400678,0.027093294,0.0071921867,0.02296596,0.015160803,0.032569163
Theodore-Roosevelt-1906,0.0055579679,0,0.000086843248,0.074164134,0.0029526704,0,0.00021710812,0.029439861,0.012765957,0.0014763352,0.029396439,0.10356057,0.007164568,0.014068606,0.000086843248,0.01897525,0.012114633,0.013808076,0.019887104,0.055188884,0.034129396,0.0079461572,0.019192358,0.022535823,0.020538428
Theodore-Roosevelt-1907,0.0045691173,0.00056177671,0,0.070222089,0.0050934422,0.0071532901,0,0.04584098,0.0083891989,0.00041196959,0.02123516,0.10224336,0.0017976855,0.01471855,0,0.023444815,0.012396539,0.0136699,0.014531291,0.036028613,0.033294633,0.0061420921,0.034043669,0.0089884274,0.038837497
Theodore-Roosevelt-1908,0.0048046463,0,0,0.066367476,0.0065469905,0,0.00010559662,0.038965153,0.0032206969,0,0.025343189,0.1063886,0.0063885956,0.010031679,0.0021119324,0.017106653,0.0064941922,0.016367476,0.0187434,0.061985216,0.040813094,0.0089757128,0.020591341,0.0081309398,0.033474129
William-Howard-Taft-1909,0,0,0.0014119046,0.029798618,0.013970424,0.0067622799,0,0.044066285,0.026677566,0,0.018280449,0.019543732,0,0.030244482,0,0.03002155,0.043174556,0.044586461,0.023110649,0.0043843353,0.0193208,0.0080255629,0.036412276,0.0046815784,0.10217731
William-Howard-Taft-1910,0.000037693178,0,0.00011307953,0.038333962,0.011797965,0.0090086694,0,0.058537505,0.0193366,0.00011307953,0.016057294,0.024990577,0.000075386355,0.023445156,0.0003392386,0.028307576,0.031285337,0.047342631,0.015604975,0.0086694308,0.015680362,0.00403317,0.046777233,0.0068224651,0.10192235
William-Howard-Taft-1911,0.000087320992,0.00013098149,0.0016154384,0.032876353,0.013884038,0,0,0.073393294,0.021262662,0.00021830248,0.017682501,0.024406217,0,0.019778205,0,0.02820468,0.026676563,0.035539644,0.016241705,0.011089766,0.025323088,0.025803353,0.03964373,0.0073349633,0.091425079
William-Howard-Taft-1912,0,0,0.0057067783,0.027384325,0.019337357,0.0059120581,0,0.051032557,0.01970686,0.00028739171,0.026768485,0.02204705,0.00094428706,0.023484009,0,0.030668802,0.028123332,0.038838937,0.020610092,0.011659892,0.024223016,0.0077185203,0.036088188,0.019830028,0.094962434
Woodrow-Wilson-1913,0.0034532374,0.0034532374,0.0086330935,0.016690647,0.025611511,0,0.0011510791,0.02705036,0.008057554,0,0.0074820144,0.034820144,0,0.019280576,0,0.015539568,0.0043165468,0.010647482,0.049208633,0.050359712,0.09323741,0.021582734,0.021582734,0.041151079,0.0094964029
Woodrow-Wilson-1914,0.00022527596,0,0,0.026582564,0.032439739,0,0,0.017796801,0.0081099347,0.0013516558,0.015994593,0.022978148,0.024104528,0.021175941,0.0090110385,0.02568146,0,0.0054066231,0.045956296,0.046181572,0.094390629,0,0.0078846587,0.037846362,0.0020274837
Woodrow-Wilson-1915,0.0015961692,0,0.0003990423,0.028997074,0.024873637,0.0097100293,0,0.0074487896,0.0045224794,0.0045224794,0.0042564512,0.037909018,0.029396116,0.013035382,0,0.017291833,0.011971269,0.0095770152,0.057728119,0.031923384,0.1104017,0.0087789306,0.011572227,0.042697526,0.017424847
Woodrow-Wilson-1916,0,0,0,0.04249155,0.010140029,0.0038628682,0,0.031868662,0.014968614,0,0.0096571704,0.073877354,0,0.01641719,0,0.036697248,0,0.014485756,0.066634476,0.019797199,0.064220183,0,0.053114437,0.012071463,0.025108643
Woodrow-Wilson-1917,0.0013024225,0.00520969,0,0.035165408,0.010940349,0.010158896,0,0,0.013024225,0,0.014847617,0.0184944,0.090388122,0.0075540505,0.0023443605,0.0044282365,0,0,0.061474342,0.042458974,0.066423548,0.011200834,0.017191977,0.04975254,0
Woodrow-Wilson-1918,0,0.00018712575,0.0087949102,0.028068862,0.019086826,0.017402695,0.0061751497,0.011788922,0.014408683,0,0.017215569,0.038547904,0.066803892,0.011976048,0,0.014595808,0,0.011414671,0.045845808,0.039857784,0.070172156,0,0.025636228,0.019086826,0.0072979042
Woodrow-Wilson-1919,0,0.00042946103,0,0.028559158,0.040369336,0.025767662,0,0.03328323,0.0015031136,0.0090186816,0.013957483,0.049817479,0.019111016,0.013098561,0.00042946103,0.027270775,0.00064419154,0.02104359,0.049388018,0.028559158,0.062486579,0,0.043160833,0.022546704,0.011595448
Woodrow-Wilson-1920,0.0079908676,0,0.0011415525,0.020547945,0.01978691,0.048325723,0,0.020547945,0.01217656,0.0064687976,0.018645358,0.021689498,0.017503805,0.027777778,0,0.016362253,0,0.050228311,0.054794521,0.021689498,0.056316591,0,0.017884323,0.046042618,0
Warren-G-Harding-1921,0.003112413,0.0012815818,0.006041743,0.033138045,0.034785793,0.03991212,0,0.038630538,0.0084218235,0.0054924936,0.0054924936,0.03460271,0.01116807,0.013181985,0,0.019223728,0.00018308312,0.013914317,0.040278286,0.021054559,0.063346759,0,0.065360674,0.0281948,0.029293299
Warren-G-Harding-1922,0.0090650551,0.0017774618,0.0021329541,0.029150373,0.036793459,0.022929257,0,0.034482759,0,0.012619979,0.02186278,0.048524707,0.014930679,0.007998578,0.0015997156,0.010842517,0,0.0078208319,0.041237113,0.029683612,0.059189477,0,0.094738713,0.016352648,0.028972627
Calvin-Coolidge-1923,0.0036781609,0,0,0.041226054,0.037241379,0.050114943,0,0.050268199,0.0090421456,0.0030651341,0.010268199,0.028199234,0,0.014252874,0,0.032183908,0.00030651341,0.015019157,0.032950192,0.010574713,0.02559387,0.0013793103,0.075862069,0.033563218,0.034176245
Calvin-Coolidge-1924,0,0,0.0066587748,0.0298905,0.064812075,0.041432376,0,0.044391832,0.0093222847,0.0053270198,0.0079905297,0.023823616,0,0.011097958,0,0.031814146,0,0.023971589,0.022195916,0.0081385025,0.032110092,0,0.087451909,0.018052678,0.031074282
Calvin-Coolidge-1925,0.0001891253,0,0.0052955083,0.039716312,0.042931442,0.043687943,0.00028368794,0.032434988,0.01286052,0.00085106383,0.01286052,0.027234043,0.0046335697,0.022789598,0.00037825059,0.024775414,0.000094562648,0.025910165,0.031583924,0.013049645,0.035271868,0.0035933806,0.078297872,0.014751773,0.030638298
Calvin-Coolidge-1926,0,0,0.00230023,0.03770377,0.04650465,0.054905491,0,0.050005001,0.01190119,0,0.00410041,0.02970297,0,0.02710271,0.00010001,0.02830283,0.00310031,0.01640164,0.03020302,0.01620162,0.03320332,0.00260026,0.075407541,0.01780178,0.02180218
Calvin-Coolidge-1927,0,0,0,0.029546254,0.041270958,0.073748388,0,0.053230156,0.011607457,0,0.01782155,0.023683902,0.0021104467,0.015124868,0,0.031187713,0.0028139289,0.02614609,0.020518232,0.017118068,0.029546254,0.0072693164,0.079962481,0.011021222,0.025090866
Calvin-Coolidge-1928,0,0,0.0061341853,0.029776358,0.037316294,0.070926518,0,0.039488818,0.016102236,0.00063897764,0.018658147,0.035399361,0,0.018402556,0.00012779553,0.037827476,0.0074121406,0.016613419,0.029904153,0.011373802,0.023642173,0.0061341853,0.071821086,0.0099680511,0.035271565
Herbert-Hoover-1929,0.00084586466,0.0031015038,0.0062030075,0.025281955,0.046616541,0.076973684,0,0.045770677,0.014661654,0.0063909774,0.0058270677,0.017857143,0.0015977444,0.022932331,0.000093984962,0.022368421,0.0034774436,0.029605263,0.014943609,0.0061090226,0.01268797,0.0036654135,0.10037594,0.010902256,0.044078947
Herbert-Hoover-1930,0,0,0.010737948,0.014850354,0.042951793,0.13228239,0,0.063970756,0.0084532785,0.01667809,0.00045693397,0.0077678775,0,0.0061686086,0,0.017135024,0.0066255426,0.028101439,0.016221156,0.0015992689,0.018048892,0.0061686086,0.11309116,0.010966415,0.014164953
Herbert-Hoover-1931,0.0021637216,0,0,0.015326361,0.084926073,0.090515687,0,0.097187162,0.0097367472,0.01298233,0.011900469,0.01298233,0,0.0064911648,0,0,0.0005409304,0.030833033,0.024522178,0,0.026325279,0,0.076812117,0.018211323,0.015867292
Herbert-Hoover-1932,0.0022550739,0,0.0020045101,0.01327988,0.10147833,0.11325482,0,0.071661238,0.01127537,0.013029316,0.0085191681,0.0092708594,0,0.0010022551,0,0.010273115,0,0.022300175,0.034828364,0.0055124029,0.033575545,0,0.053370083,0.020045101,0.003257329
Franklin-D-Roosevelt-1934,0.029533918,0,0.0032302723,0.021227503,0.085832949,0.049838486,0,0.032302723,0.0018458699,0.019381634,0.012921089,0.03091832,0.017535764,0.0041532072,0,0.0087678819,0,0.017535764,0.026303646,0.03645593,0.064605445,0.00046146747,0.027688048,0.022611906,0.00046146747
Franklin-D-Roosevelt-1935,0.0061728395,0,0.0058788948,0.01675485,0.074368019,0.072310406,0.00058788948,0.026455026,0,0.02792475,0.0035273369,0.033215755,0.028218695,0.013521458,0,0.0082304527,0.00088183422,0,0.031158142,0.040858319,0.045855379,0.00029394474,0.038800705,0.036449148,0
Franklin-D-Roosevelt-1936,0.016981132,0,0,0.036118598,0.04097035,0.010512129,0,0.0043126685,0.0059299191,0.018059299,0.019946092,0.0099730458,0.065768194,0.014555256,0.015633423,0.0053908356,0,0.0067385445,0.047169811,0.032075472,0.055525606,0.0075471698,0.012938005,0.066307278,0.0021563342
Franklin-D-Roosevelt-1937,0.016847623,0,0,0.015724448,0.091725945,0.015724448,0,0.041183077,0.018719581,0.029951329,0.0037439161,0.011231748,0.016473231,0.010482965,0,0.006739049,0,0.0074878323,0.035192812,0.04867091,0.050168476,0,0.035567203,0.059153875,0
Franklin-D-Roosevelt-1938,0.012697023,0,0.00087565674,0.026269702,0.059982487,0.065455342,0,0.046190893,0.002408056,0.024956217,0.015980736,0.033056042,0.026926445,0.00087565674,0,0.0045971979,0,0.00941331,0.02561296,0.04443958,0.046847636,0.0030647986,0.022329247,0.040718039,0
Franklin-D-Roosevelt-1939,0.020810515,0,0,0.016429354,0.067634173,0.040799562,0,0.026834611,0,0.042168675,0.0082146769,0.015607886,0.0533954,0.0038335159,0.012322015,0,0,0,0.043263965,0.039704272,0.031215772,0,0.010405257,0.080230011,0.00027382256
Franklin-D-Roosevelt-1940,0.026739691,0.0025773196,0,0.012242268,0.059600515,0,0,0.023840206,0,0.024484536,0.0083762887,0.025451031,0.06056701,0.0022551546,0.006443299,0.0067654639,0,0,0.021907216,0.052835052,0.057989691,0,0.015141753,0.094072165,0.00032216495
Franklin-D-Roosevelt-1941,0.01825495,0,0,0.012685644,0.04950495,0.011757426,0,0,0.012376238,0.028465347,0.012066832,0.016707921,0.086943069,0.0068069307,0.018873762,0.019492574,0,0,0.037747525,0.039913366,0.029084158,0,0,0.090346535,0
Franklin-D-Roosevelt-1942,0.014441497,0,0,0.0085470085,0.027114648,0.01061008,0.015620395,0.0038314176,0,0.010020631,0.013262599,0.0064839375,0.19127616,0,0.011199528,0.017683466,0.0055997642,0.00029472443,0.008841733,0.055113469,0.021809608,0,0.0070733864,0.059239611,0.0011788977
Franklin-D-Roosevelt-1943,0.0087936866,0,0.00022547914,0.011499436,0.025704622,0.0024802706,0.0013528749,0.014430665,0.0065388952,0.020293123,0.010146561,0.0018038331,0.178354,0,0.032468997,0.0065388952,0,0,0.016910936,0.047125141,0.034723788,0,0.0072153326,0.067643743,0.00067643743
Franklin-D-Roosevelt-1944,0.011735808,0,0.0060043668,0.02510917,0.050491266,0.03930131,0,0.015010917,0,0.021015284,0.0054585153,0.0095524017,0.11217249,0,0.0079148472,0.0070960699,0.0016375546,0,0.021561135,0.045032751,0.048853712,0.0062772926,0,0.070141921,0
Franklin-D-Roosevelt-1945-01,0.0009718173,0,0,0.009718173,0.0505345,0.015549077,0,0,0,0.015873016,0.009718173,0,0.19501134,0.01068999,0.011013929,0.0084224166,0.0012957564,0,0.031098154,0.044055718,0.020408163,0,0.013281503,0.046971169,0
Franklin-D-Roosevelt-1945-02,0.0037636432,0,0.0030109146,0.009409108,0.056831012,0.0302346,0,0,0.0030109146,0.020700038,0.014803663,0.0087818341,0.18567306,0.012545477,0.0087818341,0.013800025,0.0033872789,0,0.028101869,0.029732781,0.020950947,0.0042654623,0.015180028,0.040898256,0
Harry-S-Truman-1946,0.0057799101,0.0022666314,0.0088776397,0.0087643081,0.074307733,0.21744551,0,0.023912961,0.0060065732,0.040610479,0.0064976767,0.0059310189,0.031317291,0.0033999471,0.00056665785,0.010048733,0.0011710929,0.0071021117,0.014355332,0.0098220694,0.011219825,0.0021155226,0.030712856,0.017301953,0.0023044086
Harry-S-Truman-1947,0.0069799115,0,0.023663602,0.026727954,0.11695608,0.092100783,0.00051072523,0.028941096,0.010044263,0.035750766,0.0080013619,0.014130065,0.021109976,0.0097037794,0,0.006639428,0,0,0.012427647,0.011065713,0.019237317,0,0.019237317,0.047667688,0.013619339
Harry-S-Truman-1948,0.014127144,0.0038345106,0.012108981,0.0042381433,0.1073663,0.092230071,0,0.0090817356,0,0.076690212,0.0032290616,0.009283552,0.02320888,0.0072653885,0.0016145308,0.0030272452,0.00040363269,0.00060544904,0.0064581231,0.020787084,0.025630676,0.00080726539,0.01876892,0.064177598,0.00020181635
Harry-S-Truman-1949,0.039039039,0.0069069069,0.0099099099,0.011411411,0.092792793,0.097297297,0,0.01951952,0,0.064264264,0.0069069069,0.012312312,0.02012012,0.0066066066,0,0.0018018018,0,0,0.015015015,0.010510511,0.022822823,0,0.0081081081,0.06006006,0
Harry-S-Truman-1950,0.016864084,0,0.012648063,0.0092350934,0.1066051,0.047982333,0,0.013451114,0.0002007629,0.075888376,0.0042160209,0.013651877,0.030114435,0,0.0016061032,0,0,0,0.015659506,0.028909857,0.020879341,0,0.016864084,0.0692632,0.0012045774
Harry-S-Truman-1951,0.015605014,0.0002558199,0.016372474,0.0066513175,0.083141468,0.0030698388,0,0.0046047583,0,0.049117421,0,0.0010232796,0.10437452,0,0.014837554,0.002558199,0,0,0.017395753,0.040675365,0.014581734,0,0.0099769762,0.1028396,0
Harry-S-Truman-1952,0.017560787,0.003087611,0.0082979545,0.014473176,0.076804323,0.02952528,0,0.0032805866,0,0.040524894,0,0,0.10150521,0,0.026051717,0.0023157082,0,0.00019297569,0.0090698572,0.041875724,0.024893863,0.00038595137,0.01563103,0.076997298,0
Dwight-D-Eisenhower-1953,0.005015489,0.0026552589,0.022127157,0.016374096,0.12656734,0.060185868,0,0.0042779171,0.0008850863,0.048974775,0.013276294,0.012538723,0.030682992,0.0078182623,0,0.0044254315,0.00044254315,0.011063579,0.03230565,0.019471899,0.038943797,0.00044254315,0.027437675,0.0430742,0.0042779171
Harry-S-Truman-1953,0.022642713,0.0073349633,0.011374508,0.0071223557,0.05878601,0.019453598,0.0024449878,0.00021260763,0.00010630382,0.048049325,0.009248432,0.0053151908,0.10066971,0,0.0073349633,0.001169342,0.001169342,0,0.02423727,0.046135856,0.033910917,0.0065908366,0.0024449878,0.089507813,0
Dwight-D-Eisenhower-1954,0.011004127,0.0029229711,0.01650619,0.007909216,0.13755158,0.083906465,0,0.017365887,0.0025790922,0.082015131,0.0022352132,0.0044704264,0.025790922,0.0024071527,0.00085969739,0.0029229711,0,0.0077372765,0.017022008,0.021664374,0.020460798,0,0.034044017,0.043500688,0
Dwight-D-Eisenhower-1955,0.0080770866,0.0087856029,0.038684994,0.010769449,0.147088,0.083604931,0,0.0083604931,0,0.080912569,0.006234944,0.0070851637,0.022672524,0.0099192291,0,0.00056681309,0.0045345047,0.00028340655,0.0053847244,0.011052855,0.020546975,0,0.0303245,0.047895706,0.00085021964
Dwight-D-Eisenhower-1956-01,0.027514231,0,0.0009487666,0.010436433,0.10341556,0.062618596,0,0.0066413662,0,0.066413662,0.0075901328,0.004743833,0.029411765,0.0075901328,0.012333966,0,0,0.0056925996,0.021821632,0.024667932,0.011385199,0,0.026565465,0.024667932,0
Dwight-D-Eisenhower-1956-02,0.015040398,0.011932878,0.041889372,0.011062772,0.13548788,0.075574891,0.00037290242,0.0098197638,0.0042262275,0.079179615,0.00099440646,0.011684276,0.017029211,0.0082038533,0,0.00049720323,0.0027346178,0.0039776259,0.0085767557,0.0078309509,0.020136731,0,0.022498446,0.048104413,0.0045991299
Dwight-D-Eisenhower-1957,0.0091652217,0.0099083478,0.030220461,0.013871687,0.12162497,0.0341838,0.00024770869,0.011890017,0,0.061927174,0.014119396,0.0079266782,0.03789943,0.013871687,0,0.0054495913,0,0,0.026009413,0.022293783,0.025513996,0,0.0086698043,0.077037404,0.00049541739
Dwight-D-Eisenhower-1958,0.015252821,0.013581279,0.013790221,0.019640618,0.12494776,0.04784789,0.00020894275,0.0060593397,0,0.080651901,0.0004178855,0.0039699122,0.054951943,0.0052235687,0.007521939,0,0.00020894275,0.0012536565,0.01901379,0.031968241,0.024655244,0,0.0045967405,0.054743,0
Dwight-D-Eisenhower-1959,0.012574727,0.0057720058,0.02556174,0.024943311,0.1024531,0.062049062,0.0010307153,0.0026798598,0,0.082457225,0.010307153,0.0022675737,0.028653886,0.006390435,0.0016491445,0,0,0.0059781488,0.015873016,0.019995877,0.023706452,0.0039167182,0.021645022,0.067821068,0
Dwight-D-Eisenhower-1960,0.020579129,0.015661992,0.022764524,0.016936806,0.087597887,0.0382444,0,0.012566017,0.0071025314,0.053177928,0.0058277181,0.010380623,0.0382444,0.012930249,0,0,0,0,0.025678383,0.030231288,0.040794027,0,0.011291204,0.084684028,0
John-F-Kennedy-1961,0.032431357,0.019100676,0.029446876,0.022085157,0.077397533,0.03919618,0.0043772384,0.028054119,0,0.086947871,0.0025865499,0.0031834461,0.038599284,0.00039793076,0.0009948269,0,0,0.013131715,0.023079984,0.024870673,0.023079984,0,0.0017906884,0.069040987,0
Dwight-D-Eisenhower-1961,0.015640767,0.0230407,0.068281197,0.00067272116,0.10628994,0.091153717,0.0040363269,0.010090817,0,0.097880928,0.0099226371,0.00033636058,0.028422469,0,0,0.0043726875,0.0079044736,0,0.0097544568,0.014295325,0.01749075,0.00050454087,0.022367978,0.04658594,0
John-F-Kennedy-1962,0.035582625,0.02981247,0.028049367,0.0068921301,0.061548325,0.040230806,0.0040070524,0.015707645,0,0.083186408,0.006571566,0,0.039910242,0.0036864882,0.01298285,0.0080141048,0.0011219747,0,0.025164289,0.027247956,0.015867928,0,0.012341721,0.076614842,0
John-F-Kennedy-1963,0.03066175,0.03066175,0.016883369,0,0.063652241,0.034348923,0.0034931108,0,0.00058218513,0.082282166,0.01241995,0.0081505919,0.060547254,0,0.0089268387,0,0,0,0.015524937,0.041335145,0.023869591,0.001358432,0.0093149622,0.083058413,0
Lyndon-B-Johnson-1964,0.055501775,0.01839303,0.028718942,0.0064536947,0.038399484,0.035495321,0.0096805421,0.0045175863,0.0041949016,0.091319781,0,0.010648596,0.028718942,0.0016134237,0.032268474,0.0038722168,0.0012907389,0,0.017102291,0.040980962,0,0.00032268474,0.0032268474,0.069699903,0
Lyndon-B-Johnson-1965,0.039662051,0.014550575,0.021825862,0.015724008,0.048814832,0.013846515,0,0.0093874677,0,0.097864351,0.0046937339,0,0.029570523,0.008448721,0.028631777,0.0035203004,0,0,0.0018774935,0.05538606,0.016662755,0,0.0032856137,0.079089416,0
Lyndon-B-Johnson-1966,0.034787514,0.012034599,0.016359534,0.016171493,0.036855961,0.025009402,0.0077096653,0.0020684468,0,0.068634825,0.011846559,0.0058292591,0.04889056,0.00094020308,0.032719067,0.0041368936,0,0.0030086499,0.023128996,0.038924408,0.0090259496,0.0011282437,0,0.090823618,0.0022564874
Lyndon-B-Johnson-1967,0.042733792,0.023269428,0.02092785,0.009951705,0.040684911,0.030294161,0.002195229,0,0.0038050637,0.084150446,0.0045368067,0.0001463486,0.043758232,0,0.046392507,0,0.00058539441,0,0.013317723,0.054734377,0.010390751,0,0.0086345675,0.058100395,0.0036587151
Lyndon-B-Johnson-1968,0.029671038,0.024725865,0.01913567,0.008170286,0.039561385,0.055041926,0.014405504,0.0079552784,0.00064502258,0.097828424,0,0,0.021500753,0,0.045366588,0.0012900452,0.004085143,0.004515158,0.0060202107,0.032896151,0.012900452,0,0.012470436,0.068372393,0
Lyndon-B-Johnson-1969,0.024158314,0.027499357,0.025443331,0.01619121,0.025700334,0.022616294,0.00154202,0.0046260601,0.011822154,0.055255718,0,0,0.023130301,0,0.066563865,0,0.0041120535,0.010280134,0.021074274,0.034438448,0.020817271,0,0.012593164,0.056797738,0.0053970702
Richard-M-Nixon-1970,0.031038506,0.023803967,0.013302217,0.0077012835,0.049008168,0.0093348891,0,0.0016336056,0.0011668611,0.095915986,0.0086347725,0.00023337223,0.026371062,0.0016336056,0.041073512,0,0,0,0.017736289,0.061610268,0.0079346558,0,0.0084014002,0.065344224,0
Richard-M-Nixon-1971,0.047297297,0.020037279,0.016309413,0.0039608574,0.038210624,0.021901212,0,0,0.0013979497,0.093429637,0.013746505,0,0,0.0023299161,0.06220876,0,0,0,0.0027958993,0.062674744,0.015377446,0.0037278658,0.0020969245,0.068499534,0
Richard-M-Nixon-1972-01,0.041255838,0.024130773,0.020757654,0.0036325895,0.054748313,0.014789829,0,0,0,0.099636741,0.0023352361,0,0.018162948,0,0.045147898,0.00025947068,0,0.0031136482,0.011935651,0.048521017,0.013492475,0,0.0098598858,0.054488843,0.0012973534
Richard-M-Nixon-1972-02,0.028090229,0.045844227,0.061713382,0.0088769988,0.057761294,0.057639691,0.0023104518,0.0043776981,0,0.13321578,0,0,0.010822642,0.00036480817,0.0080257798,0.002857664,0.0023712531,0.00054721226,0.0051073144,0.036420016,0.01471393,0,0.01562595,0.027117407,0.00036480817
Richard-M-Nixon-1973-01,0.062771908,0.014916097,0.031696706,0.013051585,0.09073959,0.0037290242,0,0,0,0.13300186,0.00062150404,0,0,0.011808577,0.0093225606,0,0.00062150404,0,0.0024860162,0.051584835,0.0012430081,0.023617154,0,0.046612803,0
Richard-M-Nixon-1973-02,0.0030002308,0.054927302,0.10570044,0.0039233787,0.077082853,0.042003231,0,0.0046157397,0.00069236095,0.12000923,0.013847219,0.0041541657,0,0.0053081006,0,0.011077775,0,0.00023078698,0.0036925917,0.030002308,0.018232172,0.0043849527,0.025155781,0.022386337,0
Richard-M-Nixon-1973-03,0.059450813,0.032258065,0.0053319115,0.013329779,0.038389763,0.075446548,0,0.014662757,0,0.15702479,0.00079978672,0,0.00053319115,0,0.037056785,0.0034657425,0.00053319115,0,0,0.027192749,0.016528926,0,0.011996801,0.023193815,0
Richard-M-Nixon-1973-04,0.025084081,0.037976457,0.072029148,0.019058296,0.057595291,0.070767937,0,0.0057455157,0.0025224215,0.13957399,0,0,0,0.0043441704,0.019758969,0.0058856502,0.0009809417,0.0011210762,0.014573991,0.031950673,0.013873318,0.00028026906,0.016676009,0.015274664,0
Richard-M-Nixon-1973-05,0.0054200542,0.0290712,0.12392215,0.018477458,0.046809559,0.074156196,0,0.004927322,0,0.14929786,0.0044345898,0.0064055186,0,0,0.013057403,0.0036954915,0.002463661,0,0,0.028578468,0.007390983,0.0007390983,0.0290712,0.011086475,0.0004927322
Richard-M-Nixon-1973-06,0.00038624952,0.023368096,0.041908073,0.037466203,0.022209347,0.04016995,0.050212437,0.012553109,0.0030899961,0.044418694,0.0046349942,0,0.0040556199,0.0015449981,0,0.026071842,0.0011587486,0.0044418694,0.0088837389,0.093086134,0.020084975,0,0.10448049,0.010428737,0.00057937428
Richard-M-Nixon-1973-07,0,0.050380785,0.059753954,0,0.067369654,0.021089631,0,0.0035149385,0,0.11950791,0.014645577,0.0029291154,0.0064440539,0.0029291154,0.028705331,0,0,0.00058582308,0.0046865847,0.038664323,0.0228471,0.016403046,0,0.041593439,0.00058582308
Richard-M-Nixon-1973-08,0.087631447,0.017526289,0.0010015023,0.0010015023,0.025538307,0.058587882,0,0.032048072,0,0.16725088,0,0,0,0,0.066099149,0,0,0.0020030045,0,0.036554832,0.0010015023,0,0.012018027,0.013019529,0
Richard-M-Nixon-1973-09,0.063483451,0.022788931,0.026044493,0.011394466,0.043407488,0.029300054,0,0,0.0005425936,0.15843733,0,0,0.0010851872,0,0.06945198,0,0.0016277808,0,0.0048833424,0.042322301,0.005425936,0.0048833424,0.0086814976,0.032555616,0
Richard-M-Nixon-1973-10,0.033512867,0.03111909,0.064033513,0.0011968881,0.015559545,0.049670856,0,0.011968881,0,0.16217834,0.00059844405,0.0029922202,0,0,0.067624177,0,0,0,0.0023937762,0.068222621,0.00059844405,0,0.010771993,0.0047875524,0
Richard-M-Nixon-1973-11,0.033966034,0.010989011,0.036963037,0.037462537,0.0074925075,0.00999001,0.049450549,0.011988012,0.0034965035,0.037462537,0,0,0.005994006,0,0.045454545,0.005994006,0,0,0.019480519,0.13286713,0,0,0.045454545,0.024475524,0
Richard-M-Nixon-1974-01,0.032597692,0.033205102,0.038266856,0.0046568131,0.0447459,0.0099210366,0.00060741041,0.0087062158,0.0028345819,0.090706621,0.0024296416,0.00020247014,0.011540798,0,0.049605183,0,0,0,0.015995141,0.03016805,0.0078963353,0,0,0.072889249,0.00040494027
Richard-M-Nixon-1974-02,0.015162151,0.055360569,0.10753896,0.007861856,0.073190135,0.08222191,0.0022462446,0.011792784,0.00070195142,0.11044036,0.0020590575,0.0017314802,0.0015442931,0.0018250737,0.0019186672,0.0006083579,0.0020122608,0.0032289766,0.0064579531,0.02110534,0.0084702139,0.00032757733,0.01979503,0.015489728,0
Gerald-R-Ford-1975,0.040450589,0.07014849,0.037122376,0.0035842294,0.066308244,0.062211982,0,0,0,0.11853559,0,0,0.012544803,0.0028161802,0.021761393,0.0012800819,0,0.0010240655,0.0081925243,0.016385049,0.011776754,0,0.009984639,0.042242704,0.0015360983
Gerald-R-Ford-1976,0.052365931,0.046267087,0.025026288,0.0018927445,0.033648791,0.034490011,0.011777077,0.0023133544,0,0.11419558,0,0.0052576236,0.010725552,0,0.063512093,0.0027339642,0,0.0016824395,0.0054679285,0.049421661,0.015983176,0.0021030494,0.011356467,0.049421661,0
Gerald-R-Ford-1977,0.02420071,0.05017762,0.036412078,0.0077708703,0.059280639,0.023090586,0.0022202487,0,0.0042184725,0.09214032,0.0044404973,0,0.018428064,0.0035523979,0.027975133,0.006660746,0,0,0.021980462,0.028863233,0.016651865,0.0017761989,0,0.088587922,0.0064387211
Jimmy-Carter-1978-01,0.054429515,0.048736051,0.020040993,0.0029606012,0.057617855,0.025734457,0.002049647,0.0068321567,0,0.086540651,0,0,0.016852653,0,0.05989524,0.0052379868,0,0.00022773856,0.0045547711,0.036438169,0.01411979,0,0.0022773856,0.058984286,0.0047825097
Jimmy-Carter-1978-02,0.01838488,0.10713058,0.14785223,0.0029209622,0.074656357,0.054982818,0,0.013831615,0.0037800687,0.10025773,0,0,0,0.0011168385,0.000085910653,0.0058419244,0,0.002233677,0.0034364261,0.0031786942,0.0014604811,0,0.01709622,0.012457045,0.0054123711
Jimmy-Carter-1979-01,0.048602287,0.069250318,0.044472681,0.0057179161,0.059402795,0.010800508,0,0.0022236341,0,0.10800508,0.0022236341,0,0.015565438,0,0.039072427,0,0,0,0.0060355781,0.026048285,0.013341804,0,0,0.067662008,0
Jimmy-Carter-1979-02,0.02310803,0.090650876,0.14765068,0.010735606,0.076593491,0.042172155,0.00072212594,0.0084729443,0.00014442519,0.10846332,0.0029366455,0.0035143462,0,0.00077026767,0.0003369921,0.0031292124,0,0,0.005151165,0.0088099365,0.0020219526,0.001059118,0.01502022,0.0076063932,0.00052955902
Jimmy-Carter-1980-01,0.026362559,0.095379147,0.026658768,0,0.074940758,0.0029620853,0.011255924,0.0014810427,0,0.091232227,0.0026658768,0.0020734597,0.026066351,0.00088862559,0.021623223,0,0,0,0.014218009,0.0062203791,0.013033175,0,0.00059241706,0.083827014,0
Jimmy-Carter-1980-02,0.015983798,0.11113881,0.14778003,0.0048605702,0.07431064,0.051316404,0,0.010437763,0.0012774575,0.098333074,0.0023991276,0.0013709301,0,0,0,0.0034584826,0.0018694501,0.0016201901,0.0047982552,0.0039258451,0.0026795451,0.0010281975,0.012992678,0.010655865,0.0026172301
Ronald-Reagan-1981,0.061618062,0.047507056,0.017168391,0.011759172,0.036923801,0.071260583,0,0.014816557,0.0018814675,0.096660395,0,0,0.00023518344,0,0.084195673,0.00094073377,0,0.0049388523,0.010583255,0.031984948,0.018344309,0,0.0094073377,0.017638758,0
Jimmy-Carter-1981,0.015266472,0.10861619,0.13389648,0.0030102903,0.083428045,0.053540163,0.0011672554,0.010873906,0.0022116418,0.092888957,0.0035017662,0.0019044694,0.0046383044,0.0019966211,0,0.0026416833,0.0019659039,0,0.0043004147,0.006819229,0.0014437106,0.0026109661,0.014990017,0.01729381,0.0039318077
Ronald-Reagan-1982,0.06540931,0.03812199,0.012640449,0.007223114,0.043739968,0.034911717,0.0098314607,0.0026083467,0,0.095304976,0.0082263242,0,0.011837881,0,0.090088283,0,0,0.0016051364,0.0082263242,0.048756019,0.010634029,0,0,0.053370787,0
Ronald-Reagan-1983,0.084402305,0.047034765,0.023424428,0,0.052426102,0.020821714,0.0094813162,0.0052054285,0,0.092396356,0.00037181632,0,0.0081799591,0,0.074735081,0.00074363265,0,0,0.0087376836,0.028629857,0.011526306,0.0020449898,0,0.049079755,0.0014872653
Ronald-Reagan-1984,0.099727063,0.037161453,0.016376233,0.0050388411,0.029813143,0.012177199,0.016586185,0.00020995171,0.0027293722,0.060885996,0.0083980684,0.00041990342,0.023094688,0,0.1108545,0.0039890825,0,0.0069284065,0.0077682133,0.032332564,0.0050388411,0,0.0027293722,0.071593533,0
Ronald-Reagan-1985,0.095739471,0.04970617,0.015181195,0,0.028893242,0.0085700294,0.027424094,0,0,0.076885406,0.0012242899,0,0.017384917,0.0026934378,0.097943193,0,0,0,0.019588639,0.040401567,0.0068560235,0,0.0029382958,0.062683643,0
Ronald-Reagan-1986,0.075990538,0.041099941,0.0053222945,0,0.01951508,0,0.027794205,0,0,0.072146659,0.0044352454,0.0020697812,0.021880544,0,0.11975163,0,0.00029568303,0.0023654642,0.013897102,0.043465405,0.0017740982,0.0026611473,0,0.092548788,0.00059136606
Ronald-Reagan-1987,0.062689029,0.038218312,0.014847402,0,0.017321969,0,0.025020621,0,0,0.058014847,0.0074237009,0,0.014847402,0.0082485565,0.13170195,0,0.0079736046,0,0.015672257,0.041792686,0.00082485565,0.0087984603,0.0041242783,0.066813308,0
Ronald-Reagan-1988,0.065358067,0.054357204,0.0086281277,0.0071182053,0.019844694,0.0036669543,0.013157895,0,0,0.054572908,0.0053925798,0,0.013805004,0.0090595341,0.13826575,0,0.0081967213,0.001078516,0.0069025022,0.036669543,0.0051768766,0.00064710958,0,0.083908542,0.006686799
George-Bush-1989,0.085028126,0.03894418,0.01319775,0.005841627,0.023366508,0.0073561229,0.023582865,0.0049762008,0,0.069450454,0.00086542622,0.00021635656,0.012332324,0,0.11639983,0,0.0043271311,0,0.017957594,0.046083946,0.0045434877,0,0.005841627,0.050627434,0
George-Bush-1990,0.087277702,0.025991792,0.013132695,0,0.013132695,0.00082079343,0.0084815321,0.005745554,0,0.043228454,0.0021887825,0,0.024076607,0,0.14035568,0,0,0,0.0079343365,0.065389877,0.00054719562,0,0,0.074145007,0.0032831737
George-Bush-1991,0.057933194,0.03914405,0.013830898,0.0060020877,0.019050104,0.003131524,0.032098121,0.0075678497,0,0.065762004,0,0,0.044885177,0,0.091858038,0,0,0,0.011743215,0.039665971,0.010699374,0.0020876827,0,0.071764092,0.00026096033
George-Bush-1992,0.096232596,0.036855037,0.0049140049,0.0018427518,0.0065520066,0.010851761,0.018018018,0.0057330057,0,0.055282555,0.0016380016,0,0.015970516,0,0.16605242,0,0.00081900082,0.002047502,0.01003276,0.03992629,0.0085995086,0,0.0030712531,0.032350532,0.0024570025
William-J-Clinton-1993,0.13324401,0.032752717,0.0080393033,0.0055084115,0.015185351,0.025011166,0.0011910079,0.0074437993,0,0.055977371,0.00014887599,0,0,0,0.13964568,0,0,0.0037218997,0.010570195,0.023969034,0,0,0.0031263957,0.027690933,0.0010421319
William-J-Clinton-1994,0.14481793,0.039495798,0.011204482,0.00098039216,0.0099439776,0,0.021148459,0.0049019608,0.00014005602,0.039495798,0.0019607843,0,0.0072829132,0.00070028011,0.17058824,0,0,0.00084033613,0.0067226891,0.042296919,0,0,0,0.019467787,0
William-J-Clinton-1995,0.1197598,0.021640607,0.0058916837,0.0012463177,0.011443462,0.0030591434,0.019601178,0.0047586676,0,0.032630863,0.0027192386,0.0043054611,0.0054384772,0,0.18037616,0,0,0,0.0040788579,0.039315658,0.010197145,0.0030591434,0.0028325402,0.025492862,0
William-J-Clinton-1996,0.14377259,0.037134407,0.015609596,0.0011501807,0.0037791653,0.00032862307,0.028754519,0,0.0029576076,0.047978968,0,0,0.0072297075,0,0.15543871,0.00032862307,0.0036148538,0.0016431153,0,0.027604338,0,0,0.00016431153,0.027604338,0
William-J-Clinton-1997,0.12649678,0.039299969,0.0078292908,0,0.015658582,0,0.025637089,0,0,0.054037458,0,0,0.013048818,0,0.14322997,0,0.0016886706,0,0.010132023,0.027939822,0.00061406202,0.0096714768,0.0019957016,0.027632791,0.00061406202
William-J-Clinton-1998,0.1249821,0.042519685,0.011596278,0.0035790981,0.0034359341,0.0031496063,0.035218325,0.0015748031,0,0.043378669,0.0040085898,0,0.010450966,0,0.15289907,0,0.0021474588,0,0,0.037079456,0.0038654259,0.00014316392,0,0.037365784,0.0050107373
William-J-Clinton-1999,0.14017783,0.042928591,0.0076410114,0.00041678244,0.013337038,0.0058349542,0.025145874,0,0.0040288969,0.062378438,0.00055570992,0.00027785496,0.006668519,0,0.15684912,0.0041678244,0,0.00097249236,0.003473187,0.027507641,0,0.00027785496,0,0.026535149,0
William-J-Clinton-2000,0.13488856,0.041806213,0.0092389421,0.00011548678,0.014897794,0.00069292066,0.030142049,0.00092389421,0,0.046194711,0,0,0.0048504446,0,0.16999654,0,0.0024252223,0.002078762,0.00069292066,0.035800901,0.0012703545,0,0.00011548678,0.028756207,0
George-W-Bush-2001,0.15202298,0.047163036,0.0023940627,0.011730907,0.02633469,0.015800814,0.03662916,0.0035910941,0,0.073018913,0,0,0,0,0.10150826,0,0.0014364376,0.0023940627,0.0047881254,0.025855877,0.0016758439,0.00047881254,0,0.032559253,0
George-W-Bush-2002,0.086571965,0.039667649,0,0,0.0091128384,0.00080407397,0.11471455,0,0.0029482712,0.033235058,0.0029482712,0,0.046904315,0,0.090056285,0.0026802466,0,0,0.0072366658,0.042615921,0.0016081479,0.00080407397,0.0024122219,0.062985795,0
George-W-Bush-2003,0.07658179,0.046103395,0.005787037,0.0075231481,0.02507716,0,0.1246142,0.0019290123,0.00077160494,0.038387346,0.0054012346,0,0.036072531,0.0011574074,0.044174383,0,0,0,0.014853395,0.043981481,0.011188272,0,0,0.051311728,0
George-W-Bush-2004,0.12952646,0.025467569,0,0.0091524075,0.02109033,0.0069637883,0.10584958,0,0.0035813768,0.044568245,0.0033824115,0,0.033625149,0.00019896538,0.069836848,0.0023875846,0,0.00019896538,0.004178273,0.034222045,0.00019896538,0.00019896538,0,0.04436928,0.00059689614
George-W-Bush-2005,0.11233435,0.035881753,0.0075433231,0.011620795,0.022426096,0,0.087665647,0,0.0024464832,0.04362895,0.001019368,0,0.024668705,0,0.074821611,0.0024464832,0,0.0032619776,0.0032619776,0.037716616,0.002038736,0.0046890928,0,0.05158002,0.0016309888
George-W-Bush-2006,0.093408736,0.049141966,0,0.0074102964,0.016185647,0,0.10569423,0,0,0.045436817,0.0007800312,0.0015600624,0.02301092,0,0.070982839,0.0017550702,0.0005850234,0.0007800312,0.006825273,0.041536661,0.003900156,0.0031201248,0,0.059867395,0
George-W-Bush-2007,0.086706276,0.043817304,0.0063126625,0.0087263275,0.013367991,0.0037133309,0.11418492,0.00018566654,0,0.027107315,0.0055699963,0,0.032120312,0.00055699963,0.077794281,0.0072409952,0,0,0,0.044188637,0.0050129967,0.0022279985,0,0.0505013,0.00037133309
George-W-Bush-2008,0.090367965,0.054292929,0.011544012,0,0.017316017,0.0063131313,0.10966811,0.0009018759,0,0.048160173,0,0,0.023809524,0,0.0748557,0.0009018759,0.00018037518,0,0.00036075036,0.038239538,0,0.0032467532,0.0012626263,0.049603175,0
Barack-Obama-2009,0.14734673,0.036235617,0.0075562425,0.0017173278,0.014425554,0.0051519835,0.017173278,0.0065258458,0.00085866392,0.033831358,0.00017173278,0,0.0048085179,0,0.16091362,0,0,0,0.0096170359,0.038124678,0.0032629229,0.00068693114,0,0.028851108,0.00068693114
Barack-Obama-2010,0.13628547,0.043422184,0.010604758,0.0045858412,0.012754371,0.0053023789,0.023645744,0.0078819146,0.00042992261,0.021496131,0.0015763829,0,0.013614216,0,0.19690456,0,0,0,0.0065921467,0.031384351,0.0025795357,0.0014330754,0,0.016623674,0.0022929206
Barack-Obama-2011,0.12875019,0.038594904,0.0067842605,0.00015076134,0.004824363,0,0.040102518,0.0040705563,0.00030152269,0.018091361,0,0,0.010553294,0,0.19056234,0,0.00090456807,0.00015076134,0.0037690336,0.047640585,0,0.0021106588,0.00015076134,0.021860395,0.0055781698
Barack-Obama-2012,0.13768651,0.047865268,0.0096026001,0.0084207416,0,0.012704979,0.028069139,0.0031023785,0,0.017875609,0,0.00073866155,0.014477766,0,0.20047274,0.00029546462,0,0.0017727877,0.0059092924,0.041955976,0.0010341262,0.0020682523,0.0014773231,0.019500665,0.0011818585
Barack-Obama-2013,0.13143466,0.049497411,0.0085287846,0.0057873896,0.0091379836,0.005025891,0.035028937,0.0010660981,0.00030459945,0.028784648,0,0,0.01111788,0.00015229973,0.19189765,0,0,0,0.0080718855,0.036704234,0,0.0015229973,0,0.027109351,0
Barack-Obama-2014,0.12429796,0.046999704,0.0076854863,0.00073898906,0.010493645,0,0.043156961,0,0,0.033993497,0.00029559563,0,0.01285841,0,0.19686669,0.00073898906,0.00059119125,0.00014779781,0.0076854863,0.044930535,0.0045817322,0.0020691694,0,0.023499852,0.00014779781
Barack-Obama-2015,0.13330251,0.036215133,0.0015410695,0.0041608877,0.012174449,0.0026198182,0.039143165,0,0,0.020958545,0.0029280321,0.0024657112,0.01063338,0,0.20773617,0,0.0006164278,0.00015410695,0,0.043766374,0.0041608877,0.00015410695,0.0003082139,0.029280321,0
Barack-Obama-2016,0.11128231,0.031843862,0,0.00068481424,0.010957028,0.00017120356,0.03989043,0,0.0041088855,0.028762198,0.0017120356,0.0025680534,0.012155453,0,0.19140558,0.00034240712,0,0,0.0018832392,0.0624893,0.0039376819,0.0018832392,0,0.032528677,0.0010272214
Donald-J-Trump-2017,0.087955298,0.030629139,0.008692053,0.00082781457,0.015728477,0,0.11196192,0.0012417219,0.00062086093,0.023178808,0.0045529801,0.002897351,0.012624172,0,0.12396523,0.00041390728,0.0020695364,0.0020695364,0.00041390728,0.033940397,0.0093129139,0,0.0045529801,0.046357616,0.0084850993
Donald-J-Trump-2018,0.061329092,0.025980912,0,0.010074231,0.0067161541,0.0047720042,0.14156946,0.00088370449,0,0.017143867,0.0056557087,0.0001767409,0.016790385,0.0001767409,0.1465182,0.001767409,0.0042417815,0,0,0.053905974,0.001767409,0.0054789678,0.010604454,0.027748321,0
Donald-J-Trump-2019,0.048713235,0.032169118,0.0029411765,0.0012867647,0.0056985294,0,0.17573529,0,0,0.01875,0.00055147059,0.00091911765,0.027389706,0,0.12867647,0,0.0056985294,0.0016544118,0.0036764706,0.037867647,0.0012867647,0.0125,0.0049632353,0.039889706,0.0045955882
Donald-J-Trump-2020,0.069494883,0.037306042,0.010729614,0.0016507098,0.0014856388,0.0074281941,0.17712116,0.00033014196,0.0041267745,0.024430505,0.0014856388,0,0.013700891,0,0.13370749,0.0026411357,0.0029712776,0,0.0029712776,0.0420931,0.0056124133,0.01353582,0.00099042588,0.029547706,0
Joseph-R-Biden-2021,0.086266208,0.035856047,0.0080709182,0,0.0092617094,0.011378672,0.04869013,0.0046308547,0,0.015744906,0,0.0031754432,0.0092617094,0,0.26078328,0,0,0,0,0.031489812,0.0021169622,0,0,0.026462027,0
